<?xml version='1.0' encoding='utf-8'?>
<document>
  <header>
    <textfile>TUFS/TUFS2022SUCHI2.txt</textfile>
    <lang>indonesian</lang>
  </header>
    <body>
Dia perempuan. Dia berambut <segment id='7' features='eror;ejaan;ejhrf' state='active'>panjan</segment>, <segment id='15' features='eror;ejaan;ejtb' state='active'>lurus dan</segment> <segment id='10' features='eror;ejaan;ejhrf' state='active'>cokolat</segment>. Dia <segment id='11' features='eror;gramatikal;frasa-verba;vrbafx' state='active'>berpakaian</segment> aksesori rambut. Dia bermata besar dan hitam. Bulu matanya panjang. Alisnya biasa. Hidungnya kecil dan mancung. Dia <segment id='17' features='eror;ejaan;ejsp' state='active'><segment id='18' features='eror;gramatikal;frasa-verba;vrbafx' state='active' parent='17'>ber pakaian</segment></segment> masker putih. Dia <segment id='19' features='eror;gramatikal;frasa-verba;vrbafx' state='active' Correction='memakai'>berpakaian</segment> anting-anting mutiara. Dia <segment id='20' features='eror;gramatikal;frasa-verba;vrbafx' state='active' Correction='memakai'>berpakaian</segment> <segment id='23' features='eror;gramatikal;frasa-nomina;urtfn' state='active'>cincin tiga.</segment> Dia berkuku putih. Dia berpakaian sweter hitam. Dia <segment id='24' features='eror;gramatikal;frasa-verba;vrbafx' state='active' Correction='memakai'>berpakaian</segment> rok hitam <segment id='25' features='eror;gramatikal;preps;frasa-preposisi' state='active' Correction='dengan'>dan</segment> motif bunga. Dia berpakaian jaket krem. Dia lebih pendek daripada saya. <segment id='26' features='eror;ejaan;ejhrf' state='active'>Tanganya</segment> kecil. Dia <segment id='27' features='eror;gramatikal;frasa-verba;vrbafx' state='active' Correction='memakai'>berpakaian</segment> jam tangan. Dia <segment id='28' features='eror;gramatikal;frasa-verba;vrbafx' state='active' Correction='memakai'>berpakaian</segment> sepatu kets krem. Kulitnya putih <segment id='29' features='eror;gramatikal;konjs;konjungsi' state='active' Correction='dan'>yang</segment> cantik. Bayangan matanya berwarna oranye dan berkilau. Dia <segment id='30' features='eror;gramatikal;frasa-verba;vrbafx' state='active'>mempunya</segment> ransel besar dan hitam. Dia <segment id='31' features='eror;gramatikal;frasa-verba;vrbafx' state='active' Correction='mempunyai'>mempunya</segment> smartphone putih. Dia <segment id='32' features='eror;gramatikal;frasa-verba;vrbafx' state='active' Correction='mempunyai'>mempunya</segment> <segment id='33' features='eror;leksikal;kata;noms' state='active'>kasus</segment> smartphone hijau dan tahan lama. Dia <segment id='34' features='eror;ejaan;ejhrf' state='active' Correction='menpunya'><segment id='35' features='eror;gramatikal;frasa-verba;vrbafx' state='active' Correction='mempunyai' parent='34'>menpunya</segment></segment> kotak pensil hitam. Dia <segment id='36' features='eror;gramatikal;frasa-verba;vrbafx' state='active' Correction='mempunyai'><segment id='37' features='eror;ejaan;ejhrf' state='active' Correction='menpunya' parent='36'>menpunya</segment></segment> banyak pulpen dan penghapus. Dia <segment id='38' features='eror;ejaan;ejhrf' state='active' Correction='menpunya'><segment id='39' features='eror;gramatikal;frasa-verba;vrbafx' state='active' Correction='mempunyai' parent='38'>menpunya</segment></segment> kamus tebal dan merah. Dia <segment id='40' features='eror;ejaan;ejhrf' state='active' Correction='menpunya'><segment id='41' features='eror;gramatikal;frasa-verba;vrbafx' state='active' parent='40'>menpunya</segment></segment> <segment id='42' features='eror;gramatikal;frasa-nomina;nom0' state='active'>catatan</segment> putih. Dia duduk di sebelah saya. Dia terlihat fokus pada <segment id='45' features='eror;gramatikal;frasa-nomina;nom0' state='active' Correction='pelajaran bahasa Indonesia.'><segment id='43' features='eror;gramatikal;frasa-nomina;nomafx' state='active' Correction='pelajaran' parent='45'>belajaran</segment> Indonesia.</segment> Di dalam ranselnya, ada komputer dan <segment id='46' features='eror;gramatikal;frasa-nomina;nomj' state='active' Correction='banyak buku.'>banyak buku-buku.</segment> Dia <segment id='47' features='eror;ejaan;ejhrf' state='active' Correction='menpunya'><segment id='48' features='eror;gramatikal;frasa-verba;vrbafx' state='active' Correction='mempunyai' parent='47'>menpunya</segment></segment> kopi susu yang terlihat enak. Dia selalu <segment id='49' features='eror;ejaan;ejhrf' state='active' Correction='cantik'>cantic</segment> sekali dan tertawa.    </body>
</document>