<?xml version='1.0' encoding='utf-8'?>
<document>
  <header>
    <textfile>KUIS/KUIS2022NAMI3.txt</textfile>
    <lang>indonesian</lang>
  </header>
    <body>
Saya akan <segment id='65' features='eror;gramatikal;vrbs;frasa-verba' state='active' Correction='bercerita'>berbicara</segment> tentang belajar di luar negeri di Indonesia.  Saya pergi ke Indonesia selama sebulan selama tahun pertama saya kuliah.  Pertama saya pergi ke Malang.  Saya sangat gugup karena ini adalah pertama kalinya saya pergi ke luar negeri.  Penerbangan <segment id='66' features='eror;gramatikal;frasa-nomina;nyaitu' state='active' Correction='nya'>itu</segment> 7 jam dan saya tidur pada <segment id='67' features='eror;ejaan;ejtb' state='active' Correction='awalnya, tetapi'>awalnya tetapi</segment> segera menjadi mengantuk.  <segment id='68' features='eror;ejaan;ejtb' state='active' Correction='Jadi, saya'>Jadi saya</segment> menonton film sepanjang waktu.  <segment id='71' features='eror;gramatikal;konjungsi;konjx' state='active' Correction=''>Namun</segment>, ada beberapa jenis <segment id='70' features='eror;ejaan;ejtb' state='active' Correction='film dan'>film, dan</segment> Ironman adalah satu-satunya film yang saya suka.  <segment id='72' features='eror;gramatikal;konjs;konjungsi' state='active' Correction='Selain itu,'>Dan</segment> makanan dalam penerbangan sangat <segment id='73' features='eror;gramatikal;adjs;frasa-adjektiva' state='active' Correction='tidak enak'>buruk</segment> sehingga saya tidak bisa memakan semuanya.  Malang mirip kota kelahiran saya di pedesaan.  Kota ini sangat aman dan semua orang baik kepada saya.  <segment id='74' features='eror;gramatikal;konjungsi;konjx' state='active' Correction=''>Kemudian</segment> saya pergi ke sekolah bahasa untuk belajar bahasa Indonesia.  Di sana, saya belajar banyak tentang budaya, sejarah, seni, musik Indonesia, dan banyak lagi.  Saya terkejut bahwa <segment id='75' features='eror;gramatikal;prons;frasa-nomina' state='active' Correction='semuanya itu'>mereka</segment> benar-benar berbeda dari Jepang, tetapi saya sangat tertarik.  Guru <segment id='76' features='eror;gramatikal;frasa-nomina;nyaitu' state='active' Correction='nya'>itu</segment> baik dan suka membantu.  <segment id='77' features='eror;gramatikal;prons;frasa-nomina' state='active' Correction='Dia'>Anda</segment> mengajari saya semua yang ingin saya ketahui.  Saya pikir banyak orang Indonesia memiliki selera humor.  Kelas gurunya menarik dan saya ingin guru bahasa Jepang menggunakan kelas mereka sebagai referensi.  Berkat mereka, saya memutuskan untuk belajar bahasa Indonesia lebih banyak.  Namun, saya tidak terlalu menyukai makanan Indonesia.  Banyak gorengan dan daging membuat<segment id='78' features='eror;gramatikal;prons;frasa-nomina' state='active' Correction='saya'>ku</segment> mual.  <segment id='79' features='eror;gramatikal;konjs;konjungsi' state='active' Correction='Namun,'>Tapi</segment> saya jatuh cinta dengan nasi <segment id='80' features='eror;ejaan;ejhrf' state='active' Correction='goreng'>goren</segment> dan sate ayam, saya pikir <segment id='81' features='eror;gramatikal;prons;frasa-nomina' state='active' Correction='makanan itu'>mereka</segment> mirip dengan nasi goreng Jepang dan yakitori.  <segment id='83' features='eror;gramatikal;konjs;konjungsi' state='active' Correction='Selain itu,'>Dan</segment> karena orang Indonesia tidak makan banyak sayuran, saya sangat ingin makan sayuran Jepang.  Selain itu, saya terkejut bahwa air keran di Indonesia tidak dapat diminum.  Tidak <segment id='84' features='eror;gramatikal;frasa-preposisi;prep0' state='active' Correction='seperti di Jepang,'>seperti Jepang,</segment> air di Indonesia tidak <segment id='86' features='eror;ejaan;ejhrf' state='active' Correction='didisinfeksi.'>didesinfeksi.</segment>  Anda tidak bisa minum air tanpa memanaskannya.  Saya tidak tahu itu, jadi saya minum air dan sakit perut.  Toiletnya juga sangat berbeda <segment id='87' features='eror;gramatikal;frasa-preposisi;prep0' state='active' Correction='dengan di Jepang.'>dengan Jepang.</segment>  Orang Indonesia mencuci pantat mereka dengan air <segment id='88' features='eror;gramatikal;preps;frasa-preposisi' state='active' Correction='tanpa'>daripada</segment> menggunakan kertas toilet setelah <segment id='89' features='eror;gramatikal;vrbs;frasa-verba' state='active' Correction='menggunakan kertas toilet.'>menggunakan kertas toilet.</segment>  Saya merasa sangat aneh memakai celana dengan pantat basah.  <segment id='90' features='eror;gramatikal;konjs;konjungsi' state='active' Correction='Selain itu'>Juga</segment>, saya terkejut bahwa <segment id='92' features='eror;gramatikal;prons;frasa-nomina' state='active' Correction='saya'>Anda</segment> tidak boleh menyiram toilet karena tersumbat ketika disiram dengan kertas toilet.  <segment id='93' features='eror;gramatikal;konjungsi;konjx' state='active' Correction='Dan'>Dan</segment> saya <segment id='94' features='eror;gramatikal;vrbs;frasa-verba' state='active' Correction='mengalami'>mengalami</segment> silat, seni bela diri tradisional Indonesia.  <segment id='95' features='eror;gramatikal;kalimat;kalsub' state='active' Correction='Mirip'>Mirip</segment> dengan karate Jepang dan pada hari terakhir saya di <segment id='98' features='eror;ejaan;ejtb' state='active' Correction='Malang saya'>Malang saya</segment> <segment id='99' features='eror;gramatikal;vrbs;frasa-verba' state='active' Correction='melakukan'>melakukan</segment> silat di depan guru dan teman-teman saya.  <segment id='100' features='eror;gramatikal;konjs;konjungsi' state='active' Correction='Setelah itu,'>Kemudian</segment> kami pergi ke Bali.  Saya sangat <segment id='101' features='eror;gramatikal;vrbs;frasa-verba' state='active' Correction='menantikan'>menantikan</segment> <segment id='102' features='eror;gramatikal;frasa-preposisi;prepx' state='active' Correction='untuk'>untuk</segment> bisa pergi ke Bali sebagai <segment id='103' features='eror;gramatikal;noms;frasa-nomina' state='active' Correction='mahasiswa'>siswa</segment> pertukaran.  Sayang sekali saya hanya bisa tinggal selama 3 hari, <segment id='104' features='eror;leksikal;kata;ktinf' state='active' Correction='tetapi'>tapi</segment> saya <segment id='105' features='eror;gramatikal;vrbs;frasa-verba' state='active' Correction='tetap'>tetap</segment> menikmati pemandangannya.  Itu adalah surga.  Lautnya jernih dan langitnya sangat biru.  <segment id='106' features='eror;ejaan;ejtb' state='active' Correction='Namun,'>Namun</segment> sayang sekali saya tidak bisa masuk ke laut karena tidak sempat.  Sarapan di hotel berbeda dengan <segment id='107' features='eror;gramatikal;noms;frasa-nomina' state='active' Correction='sarapan'>makanan</segment> <segment id='109' features='eror;ejaan;ejtb' state='active' Correction='Jepang dan'>Jepang, dan</segment> rasanya enak <segment id='110' features='eror;gramatikal;preps;frasa-preposisi' state='active' Correction='seperti'>dengan</segment> sarapan ala Amerika.  Saya makan makanan non-Indonesia untuk pertama kalinya dalam waktu yang lama, jadi saya merasa lebih enak dari biasanya.  Kami pergi ke situs bersejarah dan kuil.  Untuk studi ke luar negeri <segment id='112' features='eror;ejaan;ejtb' state='active' Correction='ini, Pak'>ini Pak</segment> <segment id='113' features='eror;ejaan;ejk' state='active' Correction='Suyoto'>suyoto</segment> membuat semua rencana perjalanan, jadi kami tidak bisa pergi ke tempat yang ingin kami tuju, <segment id='114' features='eror;leksikal;kata;ktinf' state='active' Correction='tetapi'>tapi</segment> kali ini saya ingin <segment id='116' features='eror;gramatikal;vrbs;frasa-verba' state='active' Correction='membuat rencana sendiri'>merencanakan</segment> dan pergi.  Akhirnya, saya berbelanja bebas <segment id='117' features='eror;gramatikal;noms;frasa-nomina' state='active' Correction='pajak'>bea</segment> di bandara.  Saya ingin pergi ke Indonesia lagi.  <segment id='118' features='eror;gramatikal;konjs;konjungsi' state='active' Correction='Dan'>Dan</segment> saya ingin belajar lebih <segment id='119' features='eror;gramatikal;adjs;frasa-adjektiva' state='active' Correction='banyak'>maju</segment> <segment id='120' features='eror;leksikal;kata;ktinf' state='active' Correction='daripada'>dari</segment> waktu itu.    </body>
</document>